isin,tranches in same deal,deal_number,parse_notes,post_notes
KR61769419B3,KR61769419B3,2395406,[],
KR61769429B2,KR61769419B3,2395406,[],
KR61769439B1,KR61769419B3,2395406,[],
KR61769419C1,KR61769419C1,2395407,[],
KR61769429C0,KR61769419C1,2395407,[],
KR61769439C9,KR61769419C1,2395407,[],
KR61753319C1,KR61753319C1,2395408,[],
KR61055619A3,KR61055619A3,2395409,[],
KR61055629A2,KR61055619A3,2395409,[],
KR61055619C9,KR61055619C9,2395410,[],
KR61055629C8,KR61055619C9,2395410,[],
KR60053219C2,KR60053219C2,2395411,['no original book runner info'],
KR61268719C0,KR61268719C0,2395412,['no original book runner info'],
KR60321919B5,KR60321919B5,2395413,[],
KR60696219A9,KR60696219A9,2395414,[],
KR60034919B3,KR60034919B3,2395415,[],
KR60034929B2,KR60034919B3,2395415,[],
KR60195729A3,KR60195729A3,2395416,['no original book runner info'],
KR61380419B2,KR61380419B2,2395417,[],
KR60052819A4,KR60052819A4,2395418,[],
KR60052819B2,KR60052819B2,2395419,[],
KR60052829B1,KR60052829B1,2395420,[],
KR60555519A2,KR60555519A2,2395421,[],
KR60555529A1,KR60555519A2,2395421,[],
KR60555539A0,KR60555519A2,2395421,[],
KR60000149A9,KR60000149A9,2395422,[],
KR60000159A8,KR60000159A8,2395423,[],
KR60000129B9,KR60000129B9,2395424,[],
KR60000119B0,KR60000119B0,2395425,[],
KR60000139B8,KR60000139B8,2395426,[],
KR60000149B7,KR60000149B7,2395427,[],
KR60000159B6,KR60000159B6,2395428,[],
KR60000169B5,KR60000169B5,2395429,[],
KR60000179B4,KR60000179B4,2395430,[],
KR60194519A9,KR60194519A9,2395431,[],
KR60194529A8,KR60194519A9,2395431,[],
KR60194539A7,KR60194519A9,2395431,[],
KR60194549A6,KR60194549A6,2395432,[],
KR60194559A5,KR60194549A6,2395432,[],
KR60194569A4,KR60194549A6,2395432,[],
KR60194519B7,KR60194519B7,2395433,[],
KR60194529B6,KR60194519B7,2395433,[],
KR60194539B5,KR60194519B7,2395433,[],
KR60194549B4,KR60194519B7,2395433,[],
KR60194559B3,KR60194559B3,2395434,[],
KR60194569B2,KR60194559B3,2395434,[],
KR60194579B1,KR60194559B3,2395434,[],
KR60194589B0,KR60194559B3,2395434,[],
KR60194519C5,KR60194519C5,2395435,[],
KR60194529C4,KR60194519C5,2395435,[],
KR60194539C3,KR60194519C5,2395435,[],
KR60194549C2,KR60194549C2,2395436,[],
KR60194559C1,KR60194549C2,2395436,[],
KR60194569C0,KR60194549C2,2395436,[],
KR60194579C9,KR60194549C2,2395436,[],
KR60194589C8,KR60194549C2,2395436,[],
KR60194599C7,KR60194549C2,2395436,[],
KR601945A9C2,KR601945A9C2,2395437,[],
KR601945B9C1,KR601945A9C2,2395437,[],
KR601945C9C0,KR601945A9C2,2395437,[],
KR601945D9C9,KR601945A9C2,2395437,[],
KR601945E9C8,KR601945A9C2,2395437,[],
KR601945F9C7,KR601945A9C2,2395437,[],
KR60645119A3,KR60645119A3,2395438,['no original book runner info'],
KR63161419A5,KR63161419A5,2395439,[],
KR63161419C1,KR63161419C1,2395440,[],
KR60000319A8,KR60000319A8,2395441,[],
KR60000329A7,KR60000329A7,2395442,[],
KR60000339A6,KR60000339A6,2395443,[],
KR61741419A8,KR61741419A8,2395444,[],
KR61741429A7,KR61741419A8,2395444,[],
KR61741439A6,KR61741419A8,2395444,[],
KR61741449A5,KR61741449A5,2395446,[],
KR61741459A4,KR61741449A5,2395446,[],
KR61741419B6,KR61741419B6,2395447,[],
KR61741429B5,KR61741419B6,2395447,[],
KR61741439B4,KR61741419B6,2395447,[],
KR61741449B3,KR61741449B3,2395448,[],
KR61741459B2,KR61741449B3,2395448,[],
KR61741419C4,KR61741419C4,2395449,[],
KR61741429C3,KR61741429C3,2395450,[],
KR61741439C2,KR61741429C3,2395450,[],
KR61401719A2,KR61401719A2,2395451,[],
KR61401729A1,KR61401719A2,2395451,[],
KR61401739A0,KR61401719A2,2395451,[],
KR61401749A9,KR61401719A2,2395451,[],
KR61401759A8,KR61401759A8,2395452,[],
KR61401769A7,KR61401759A8,2395452,[],
KR61401779A6,KR61401779A6,2395453,[],
KR61401789A5,KR61401779A6,2395453,[],
KR61401799A4,KR61401779A6,2395453,[],
KR61401719B0,KR61401719B0,2395454,[],
KR61401729B9,KR61401719B0,2395454,[],
KR61401739B8,KR61401739B8,2395455,[],
KR61401749B7,KR61401739B8,2395455,[],
KR61401759B6,KR61401759B6,2395456,[],
KR61401769B5,KR61401759B6,2395456,[],
KR61401719C8,KR61401719C8,2395457,[],
KR61401729C7,KR61401719C8,2395457,[],
KR61401739C6,KR61401719C8,2395457,[],
KR61401749C5,KR61401719C8,2395457,[],
KR61401759C4,KR61401719C8,2395457,[],
KR61401769C3,KR61401769C3,2395458,[],
KR61401779C2,KR61401769C3,2395458,[],
KR61401789C1,KR61401769C3,2395458,[],
KR60023819B8,KR60023819B8,2395459,"['no original book runner info', 'no original book runner info']",
KR60023829B7,KR60023819B8,2395459,"['no original book runner info', 'no original book runner info']",
KR60302019A9,KR60302019A9,2395460,[],
KR60302029A8,KR60302019A9,2395460,[],
KR60302039A7,KR60302019A9,2395460,[],
KR60302049A6,KR60302019A9,2395460,[],
KR62649019C3,KR62649019C3,2395461,[],
KR60342319A5,KR60342319A5,2395462,[],
KR60054919A0,KR60054919A0,2395463,[],
KR60054929A9,KR60054919A0,2395463,[],
KR60054939A8,KR60054919A0,2395463,[],
KR60251019A0,KR60251019A0,2395464,[],
KR60036719A7,KR60036719A7,2395465,[],
KR60036729A6,KR60036719A7,2395465,[],
KR60867919A7,KR60867919A7,2395466,[],
KR60867929A6,KR60867919A7,2395466,[],
KR60867919C3,KR60867919C3,2395467,[],
KR60867929C2,KR60867919C3,2395467,[],
KR60049419B7,KR60049419B7,2395468,['no original book runner info'],
KR60168319B4,KR60168319B4,2395469,[],
KR60665619A7,KR60665619A7,2395470,[],
KR60665629A6,KR60665619A7,2395470,[],
KR60665619B5,KR60665619B5,0,['cannot find syndicate bank id 다이와증권캐피탈마켓코리아'],"<Response [400]> b'{""Message"":""The request is invalid."",""ModelState"":{""deal.Tranches[1].Syndicate[6].Id"":[""Id must be a positive number.""]}}'"
KR60665629B4,KR60665619B5,0,['cannot find syndicate bank id 다이와증권캐피탈마켓코리아'],"<Response [400]> b'{""Message"":""The request is invalid."",""ModelState"":{""deal.Tranches[1].Syndicate[6].Id"":[""Id must be a positive number.""]}}'"
KR60665619C3,KR60665619C3,2395472,[],
KR60665629C2,KR60665619C3,2395472,[],
KR60050819A6,KR60050819A6,2395473,[],
KR60050829A5,KR60050819A6,2395473,[],
KR60478019A7,KR60478019A7,2395474,[],
KR60478029A6,KR60478019A7,2395474,[],
KR60793119A3,KR60793119A3,2395475,[],
KR60793129A2,KR60793119A3,2395475,[],
KR60793139A1,KR60793119A3,2395475,[],
KR60793119B1,KR60793119B1,2395476,[],
KR60793129B0,KR60793119B1,2395476,[],
KR60793139B9,KR60793119B1,2395476,[],
KR60793149B8,KR60793119B1,2395476,[],
KR60793159B7,KR60793159B7,2395477,[],
KR60793169B6,KR60793159B7,2395477,[],
KR60793179B5,KR60793159B7,2395477,[],
KR60793189B4,KR60793159B7,2395477,[],
KR60793119C9,KR60793119C9,2395479,[],
KR60793129C8,KR60793119C9,2395479,[],
KR60793139C7,KR60793119C9,2395479,[],
KR60793149C6,KR60793149C6,2395480,[],
KR60793159C5,KR60793149C6,2395480,[],
KR60109519B1,KR60109519B1,2395481,[],
KR60109529B0,KR60109519B1,2395481,[],
KR60109539B9,KR60109519B1,2395481,[],
KR60347319B8,KR60347319B8,2395482,"['no original book runner info', 'no original book runner info', 'no original book runner info']",
KR60347329B7,KR60347319B8,2395482,"['no original book runner info', 'no original book runner info', 'no original book runner info']",
KR60347339B6,KR60347319B8,2395482,"['no original book runner info', 'no original book runner info', 'no original book runner info']",
KR60176719A7,KR60176719A7,2395668,[],
KR60176729A6,KR60176719A7,2395668,[],
KR60176739A5,KR60176719A7,2395668,[],
KR60176749A4,KR60176719A7,2395668,[],
KR62184029A7,KR62184029A7,2395483,['no original book runner info'],
KR60002119A0,KR60002119A0,2395484,[],
KR60002129A9,KR60002119A0,2395484,[],
KR60426719B3,KR60426719B3,2395485,[],
KR60008219A2,KR60008219A2,2395486,[],
KR60008229A1,KR60008219A2,2395486,[],
KR60898619A6,KR60898619A6,2395487,[],
KR60898629A5,KR60898619A6,2395487,[],
KR60004019C6,KR60004019C6,2395488,[],
KR61980319A0,KR61980319A0,2395489,[],
KR61980319B8,KR61980319B8,2395490,[],
KR60053019A0,KR60053019A0,2395491,[],
KR60053029A9,KR60053019A0,2395491,[],
KR60053039A8,KR60053019A0,2395491,[],
KR60306229A0,KR60306229A0,2395492,[],
KR60306219A1,KR60306229A0,2395492,[],
KR60306239A9,KR60306239A9,2395494,[],
KR60306249A8,KR60306239A9,2395494,[],
KR60306219B9,KR60306219B9,2395495,[],
KR60306229B8,KR60306219B9,2395495,[],
KR60306239B7,KR60306239B7,2395496,[],
KR60306249B6,KR60306239B7,2395496,[],
KR60306269B4,KR60306269B4,2395497,[],
KR60306279B3,KR60306269B4,2395497,[],
KR60306289B2,KR60306269B4,2395497,[],
KR60306299B1,KR60306299B1,2395498,[],
KR60306219C7,KR60306219C7,2395499,[],
KR60306229C6,KR60306219C7,2395499,[],
KR60306239C5,KR60306239C5,2395500,[],
KR60306249C4,KR60306239C5,2395500,[],
KR60306259C3,KR60306239C5,2395500,[],
KR60306269C2,KR60306239C5,2395500,[],
KR60306279C1,KR60306239C5,2395500,[],
KR60306289C0,KR60306289C0,2395501,[],
KR60306299C9,KR60306289C0,2395501,[],
KR603062A9C5,KR60306289C0,2395501,[],
KR603062B9C4,KR60306289C0,2395501,[],
KR603062C9C3,KR60306289C0,2395501,[],
KR60296919A8,KR60296919A8,2395502,[],
KR60296929A7,KR60296919A8,2395502,[],
KR60296939A6,KR60296939A6,2395503,[],
KR60296949A5,KR60296939A6,2395503,[],
KR60296959A4,KR60296939A6,2395503,[],
KR60296919B6,KR60296919B6,2395504,[],
KR60296929B5,KR60296919B6,2395504,[],
KR60296939B4,KR60296939B4,2395505,[],
KR60296949B3,KR60296939B4,2395505,[],
KR60296919C4,KR60296919C4,2395506,[],
KR60296929C3,KR60296919C4,2395506,[],
KR60296939C2,KR60296919C4,2395506,[],
KR61671629A6,KR61671629A6,2395507,[],
KR61693719A9,KR61693719A9,2395508,[],
KR61693729A8,KR61693719A9,2395508,[],
KR61693739A7,KR61693719A9,2395508,[],
KR61693749A6,KR61693749A6,2395509,[],
KR61693759A5,KR61693749A6,2395509,[],
KR61693719B7,KR61693719B7,2395510,[],
KR61693729B6,KR61693719B7,2395510,[],
KR61693739B5,KR61693739B5,2395512,[],
KR61693749B4,KR61693739B5,2395512,[],
KR61693759B3,KR61693739B5,2395512,[],
KR61693719C5,KR61693719C5,2395513,[],
KR61693729C4,KR61693719C5,2395513,[],
KR61693739C3,KR61693719C5,2395513,[],
KR61693749C2,KR61693749C2,2395514,[],
KR61693759C1,KR61693749C2,2395514,[],
KR61693769C0,KR61693749C2,2395514,[],
KR61693779C9,KR61693749C2,2395514,[],
KR60000619B9,KR60000619B9,2395515,[],
KR60829719A8,KR60829719A8,2395516,[],
KR60829729A7,KR60829719A8,2395516,[],
KR60829739A6,KR60829739A6,2395517,[],
KR60829749A5,KR60829739A6,2395517,[],
KR60829719B6,KR60829719B6,2395518,[],
KR60829729B5,KR60829719B6,2395518,[],
KR60829739B4,KR60829739B4,2395519,[],
KR60829749B3,KR60829739B4,2395519,[],
KR60829759B2,KR60829739B4,2395519,[],
KR60829769B1,KR60829739B4,2395519,[],
KR60829719C4,KR60829719C4,2395520,[],
KR60829729C3,KR60829719C4,2395520,[],
KR60829739C2,KR60829719C4,2395520,[],
KR61457619A7,KR61457619A7,2395521,[],
KR61457629A6,KR61457629A6,2395523,[],
KR61457639A5,KR61457639A5,2395524,[],
KR61457649A4,KR61457639A5,2395524,[],
KR61457619B5,KR61457619B5,2395525,[],
KR61457629B4,KR61457619B5,2395525,[],
KR61457639B3,KR61457619B5,2395525,[],
KR61457649B2,KR61457619B5,2395525,[],
KR61457659B1,KR61457659B1,2395526,[],
KR61457669B0,KR61457659B1,2395526,[],
KR61457679B9,KR61457659B1,2395526,[],
KR61457689B8,KR61457689B8,2395527,[],
KR61457699B7,KR61457689B8,2395527,[],
KR614576A9B3,KR61457689B8,2395527,[],
KR614576B9B2,KR61457689B8,2395527,[],
KR614576C9B1,KR61457689B8,2395527,[],
KR614576D9B0,KR61457689B8,2395527,[],
KR61457619C3,KR61457619C3,0,['cannot find syndicate bank id 비엔케이투자증권'],"<Response [400]> b'{""Message"":""The request is invalid."",""ModelState"":{""deal.Tranches[1].Syndicate[1].Id"":[""Id must be a positive number.""]}}'"
KR61457629C2,KR61457619C3,0,['cannot find syndicate bank id 비엔케이투자증권'],"<Response [400]> b'{""Message"":""The request is invalid."",""ModelState"":{""deal.Tranches[1].Syndicate[1].Id"":[""Id must be a positive number.""]}}'"
KR61457639C1,KR61457639C1,2395528,[],
KR61457649C0,KR61457639C1,2395528,[],
KR61457659C9,KR61457639C1,2395528,[],
KR61457669C8,KR61457639C1,2395528,[],
KR61457679C7,KR61457639C1,2395528,[],
KR61457689C6,KR61457639C1,2395528,[],
KR60082719A0,KR60082719A0,2395529,[],
KR60082729A9,KR60082719A0,2395529,[],
KR60082739A8,KR60082739A8,2395530,[],
KR60082719B8,KR60082719B8,2395531,[],
KR60082729B7,KR60082719B8,2395531,[],
KR60082739B6,KR60082739B6,2395532,[],
KR60082719C6,KR60082719C6,2395533,[],
KR60297819A9,KR60297819A9,2395534,[],
KR60297829A8,KR60297829A8,2395535,[],
KR60297839A7,KR60297839A7,2395536,[],
KR60297819B7,KR60297819B7,2395537,[],
KR60297829B6,KR60297819B7,2395537,[],
KR60297839B5,KR60297819B7,2395537,[],
KR60297849B4,KR60297849B4,2395538,[],
KR60297859B3,KR60297849B4,2395538,[],
KR60297819C5,KR60297819C5,2395539,[],
KR60297829C4,KR60297819C5,2395539,[],
KR60297839C3,KR60297819C5,2395539,[],
KR60297859C1,KR60297859C1,2395540,[],
KR60297869C0,KR60297859C1,2395540,[],
KR60297849C2,KR60297859C1,2395540,[],
KR60297879C9,KR60297879C9,2395541,[],
KR60297889C8,KR60297879C9,2395541,[],
KR6032713994,KR6032713994,2395669,[],
KR6032714992,KR6032713994,2395669,[],
KR6032715999,KR6032713994,2395669,[],
KR6032716997,KR6032713994,2395669,[],
KR60327119A8,KR60327119A8,2395542,[],
KR60327129A7,KR60327119A8,2395542,[],
KR60327139A6,KR60327119A8,2395542,[],
KR60327149A5,KR60327149A5,2395543,[],
KR60327159A4,KR60327149A5,2395543,[],
KR60327169A3,KR60327169A3,2395544,['no original book runner info'],
KR60327179A2,KR60327169A3,2395544,['no original book runner info'],
KR60327189A1,KR60327169A3,2395544,['no original book runner info'],
KR60327199A0,KR60327199A0,2395545,[],
KR603271A9A6,KR603271A9A6,2395546,[],
KR603271B9A5,KR603271A9A6,2395546,[],
KR60327119B6,KR60327119B6,2395547,[],
KR60327129B5,KR60327119B6,2395547,[],
KR60327139B4,KR60327139B4,2395549,[],
KR60327149B3,KR60327139B4,2395549,[],
KR60327159B2,KR60327139B4,2395549,[],
KR60327169B1,KR60327169B1,2395550,[],
KR60327179B0,KR60327169B1,2395550,[],
KR60327189B9,KR60327169B1,2395550,[],
KR60327119C4,KR60327119C4,2395551,[],
KR60327129C3,KR60327119C4,2395551,[],
KR60327139C2,KR60327139C2,2395552,[],
KR60327149C1,KR60327139C2,2395552,[],
KR60237819A2,KR60237819A2,2395553,[],
KR60237829A1,KR60237819A2,2395553,[],
KR60237839A0,KR60237819A2,2395553,[],
KR60237819B0,KR60237819B0,2395554,[],
KR60237829B9,KR60237819B0,2395554,[],
KR60237839B8,KR60237819B0,2395554,[],
KR60237849B7,KR60237819B0,2395554,[],
KR60237859B6,KR60237819B0,2395554,[],
KR60237869B5,KR60237819B0,2395554,[],
KR60237879B4,KR60237879B4,2395555,[],
KR60237889B3,KR60237879B4,2395555,[],
KR60237899B2,KR60237879B4,2395555,[],
KR602378A9B8,KR60237879B4,2395555,[],
KR602378B9B7,KR60237879B4,2395555,[],
KR602378C9B6,KR60237879B4,2395555,[],
KR60237829C7,KR60237829C7,2395556,[],
KR60237839C6,KR60237829C7,2395556,[],
KR60237819C8,KR60237829C7,2395556,[],
KR60237849C5,KR60237849C5,2395558,[],
KR60237859C4,KR60237849C5,2395558,[],
KR60237869C3,KR60237849C5,2395558,[],
KR60237879C2,KR60237879C2,2395559,[],
KR60336629A5,KR60336629A5,2395560,[],
KR60336639A4,KR60336629A5,2395560,[],
KR60336649A3,KR60336629A5,2395560,[],
KR60336669A1,KR60336669A1,2395561,[],
KR60336679A0,KR60336669A1,2395561,[],
KR60336689A9,KR60336669A1,2395561,[],
KR60336619B4,KR60336619B4,2395562,[],
KR60336629B3,KR60336619B4,2395562,[],
KR60336639B2,KR60336619B4,2395562,[],
KR60336649B1,KR60336619B4,2395562,[],
KR60336659B0,KR60336619B4,2395562,[],
KR60336619C2,KR60336619C2,2395563,[],
KR60336629C1,KR60336619C2,2395563,[],
KR60336639C0,KR60336619C2,2395563,[],
KR60336649C9,KR60336619C2,2395563,[],
KR60336659C8,KR60336659C8,2395564,[],
KR60336669C7,KR60336659C8,2395564,[],
KR60336679C6,KR60336659C8,2395564,[],
KR60336689C5,KR60336659C8,2395564,[],
KR61363019A3,KR61363019A3,2395565,[],
KR61363029A2,KR61363029A2,2395566,[],
KR61363019B1,KR61363019B1,2395567,[],
KR61363029B0,KR61363019B1,2395567,[],
KR61363039B9,KR61363019B1,2395567,[],
KR61363049B8,KR61363049B8,2395568,[],
KR61363019C9,KR61363019C9,2395569,[],
KR60033419A7,KR60033419A7,2395570,[],
KR60684019A7,KR60684019A7,2395571,[],
KR60292719A6,KR60292719A6,2395572,"['no original book runner info', 'no original book runner info']",
KR60292729A5,KR60292719A6,2395572,"['no original book runner info', 'no original book runner info']",
KR62063519A3,KR62063519A3,2395573,[],
KR62851319A4,KR62851319A4,2395574,[],
KR62851329A3,KR62851319A4,2395574,[],
KR60972419A0,KR60972419A0,2395575,[],
KR60972429A9,KR60972419A0,2395575,[],
KR60972439A8,KR60972419A0,2395575,[],
KR60972449A7,KR60972419A0,2395575,[],
KR60972419B8,KR60972419B8,2395576,[],
KR60972429B7,KR60972419B8,2395576,[],
KR60972439B6,KR60972419B8,2395576,[],
KR60101219A8,KR60101219A8,2395577,"['no original book runner info', 'no original book runner info']",
KR60101229A7,KR60101219A8,2395577,"['no original book runner info', 'no original book runner info']",
KR61042319A6,KR61042319A6,2395578,"['no original book runner info', 'no original book runner info']",
KR61042329A5,KR61042319A6,2395578,"['no original book runner info', 'no original book runner info']",
KR61491419B8,KR61491419B8,2395579,[],
KR61491429B7,KR61491419B8,2395579,[],
KR60315219B8,KR60315219B8,2395580,[],
KR60496319B7,KR60496319B7,2395581,['no original book runner info'],
KR60952319A6,KR60952319A6,0,"['cannot find issuer comanpy id 주식회사 애큐온캐피탈', 'no original book runner info', 'no original book runner info', 'no original book runner info']","<Response [400]> b'{""Message"":""The request is invalid."",""ModelState"":{""deal.IssuerId"":[""IssuerId must be a positive number.""]}}'"
KR60952329A5,KR60952319A6,0,"['cannot find issuer comanpy id 주식회사 애큐온캐피탈', 'no original book runner info', 'no original book runner info', 'no original book runner info']","<Response [400]> b'{""Message"":""The request is invalid."",""ModelState"":{""deal.IssuerId"":[""IssuerId must be a positive number.""]}}'"
KR60952339A4,KR60952319A6,0,"['cannot find issuer comanpy id 주식회사 애큐온캐피탈', 'no original book runner info', 'no original book runner info', 'no original book runner info']","<Response [400]> b'{""Message"":""The request is invalid."",""ModelState"":{""deal.IssuerId"":[""IssuerId must be a positive number.""]}}'"
KR60952319B4,KR60952319B4,0,"['cannot find issuer comanpy id 주식회사 애큐온캐피탈', 'no original book runner info']","<Response [400]> b'{""Message"":""The request is invalid."",""ModelState"":{""deal.IssuerId"":[""IssuerId must be a positive number.""]}}'"
KR60952319C2,KR60952319C2,0,"['cannot find issuer comanpy id 주식회사 애큐온캐피탈', 'no original book runner info', 'no original book runner info', 'no original book runner info', 'no original book runner info', 'no original book runner info']","<Response [400]> b'{""Message"":""The request is invalid."",""ModelState"":{""deal.IssuerId"":[""IssuerId must be a positive number.""]}}'"
KR60952329C1,KR60952319C2,0,"['cannot find issuer comanpy id 주식회사 애큐온캐피탈', 'no original book runner info', 'no original book runner info', 'no original book runner info', 'no original book runner info', 'no original book runner info']","<Response [400]> b'{""Message"":""The request is invalid."",""ModelState"":{""deal.IssuerId"":[""IssuerId must be a positive number.""]}}'"
KR60952339C0,KR60952319C2,0,"['cannot find issuer comanpy id 주식회사 애큐온캐피탈', 'no original book runner info', 'no original book runner info', 'no original book runner info', 'no original book runner info', 'no original book runner info']","<Response [400]> b'{""Message"":""The request is invalid."",""ModelState"":{""deal.IssuerId"":[""IssuerId must be a positive number.""]}}'"
KR60952349C9,KR60952319C2,0,"['cannot find issuer comanpy id 주식회사 애큐온캐피탈', 'no original book runner info', 'no original book runner info', 'no original book runner info', 'no original book runner info', 'no original book runner info']","<Response [400]> b'{""Message"":""The request is invalid."",""ModelState"":{""deal.IssuerId"":[""IssuerId must be a positive number.""]}}'"
KR60952359C8,KR60952319C2,0,"['cannot find issuer comanpy id 주식회사 애큐온캐피탈', 'no original book runner info', 'no original book runner info', 'no original book runner info', 'no original book runner info', 'no original book runner info']","<Response [400]> b'{""Message"":""The request is invalid."",""ModelState"":{""deal.IssuerId"":[""IssuerId must be a positive number.""]}}'"
KR60376419B0,KR60376419B0,2395582,"['no original book runner info', 'no original book runner info']",
KR60376429B9,KR60376419B0,2395582,"['no original book runner info', 'no original book runner info']",
KR63355719A4,KR63355719A4,2395583,['no original book runner info'],
KR60878019A3,KR60878019A3,2395584,[],
KR60219619A8,KR60219619A8,2395585,[],
KR60219629A7,KR60219619A8,2395585,[],
KR60219639A6,KR60219619A8,2395585,[],
KR60219649A5,KR60219619A8,2395585,[],
KR60219659A4,KR60219619A8,2395585,[],
KR60219669A3,KR60219669A3,2395586,[],
KR60219679A2,KR60219669A3,2395586,[],
KR60219689A1,KR60219669A3,2395586,[],
KR60219699A0,KR60219669A3,2395586,[],
KR602196A9A0,KR602196A9A0,2395587,[],
KR602196B9A9,KR602196A9A0,2395587,[],
KR602196C9A8,KR602196A9A0,2395587,[],
KR602196D9A7,KR602196A9A0,2395587,[],
KR602196E9A6,KR602196A9A0,2395587,[],
KR60219619B6,KR60219619B6,2395588,[],
KR60219629B5,KR60219619B6,2395588,[],
KR60219639B4,KR60219619B6,2395588,[],
KR60219649B3,KR60219619B6,2395588,[],
KR60219659B2,KR60219619B6,2395588,[],
KR60219669B1,KR60219619B6,2395588,[],
KR60219679B0,KR60219619B6,2395588,[],
KR60219689B9,KR60219689B9,2395589,[],
KR60219699B8,KR60219689B9,2395589,[],
KR60219619C4,KR60219619C4,2395590,[],
KR60219629C3,KR60219619C4,2395590,[],
KR60219639C2,KR60219619C4,2395590,[],
KR60219649C1,KR60219619C4,2395590,[],
KR60219659C0,KR60219619C4,2395590,[],
KR60219669C9,KR60219669C9,2395591,[],
KR60219679C8,KR60219669C9,2395591,[],
KR60219689C7,KR60219669C9,2395591,[],
KR60219699C6,KR60219669C9,2395591,[],
KR602196A9C6,KR60219669C9,2395591,[],
KR602196B9C5,KR602196B9C5,2395592,[],
KR602196C9C4,KR602196B9C5,2395592,[],
KR602196D9C3,KR602196B9C5,2395592,[],
KR602196E9C2,KR602196B9C5,2395592,[],
KR602196F9C1,KR602196B9C5,2395592,[],
KR602196G9C0,KR602196B9C5,2395592,[],
KR602196H9C9,KR602196B9C5,2395592,[],
KR60036919A3,KR60036919A3,0,['cannot find issuer comanpy id 코리안리재보험'],"<Response [400]> b'{""Message"":""The request is invalid."",""ModelState"":{""deal.IssuerId"":[""IssuerId must be a positive number.""]}}'"
KR60198819C5,KR60198819C5,2395593,[],
KR63101029A5,KR63101029A5,0,"['cannot find issuer comanpy id 키움캐피탈 주식회사', 'no original book runner info']","<Response [400]> b'{""Message"":""The request is invalid."",""ModelState"":{""deal.IssuerId"":[""IssuerId must be a positive number.""]}}'"
KR62155919A4,KR62155919A4,2395594,"['no original book runner info', 'no original book runner info']",
KR62155929A3,KR62155919A4,2395594,"['no original book runner info', 'no original book runner info']",
KR61877419A4,KR61877419A4,2395595,[],
KR60869519A3,KR60869519A3,2395596,['no original book runner info'],
KR61031619A2,KR61031619A2,2395597,[],
KR60307519A3,KR60307519A3,2395598,['no original book runner info'],
KR60250819B2,KR60250819B2,2395599,[],
KR60250829B1,KR60250819B2,2395599,[],
KR62054919A6,KR62054919A6,2395600,[],
KR62054929A5,KR62054919A6,2395600,[],
KR62054939A4,KR62054919A6,2395600,[],
KR62054949A3,KR62054949A3,2395601,[],
KR62054919B4,KR62054919B4,2395602,[],
KR62054919C2,KR62054919C2,2395603,[],
KR62054929C1,KR62054929C1,2395604,[],
KR62054939C0,KR62054929C1,2395604,[],
KR60198019A6,KR60198019A6,2395605,[],
KR60198029A5,KR60198019A6,2395605,[],
KR60198039A4,KR60198019A6,2395605,[],
KR60198049A3,KR60198019A6,2395605,[],
KR60198059A2,KR60198019A6,2395605,[],
KR60198069A1,KR60198069A1,2395606,[],
KR60198079A0,KR60198069A1,2395606,[],
KR60198089A9,KR60198069A1,2395606,[],
KR60198099A8,KR60198069A1,2395606,[],
KR601980A9A2,KR60198069A1,2395606,[],
KR60198019B4,KR60198019B4,2395607,[],
KR60198029B3,KR60198019B4,2395607,[],
KR60198039B2,KR60198019B4,2395607,[],
KR60198049B1,KR60198019B4,2395607,[],
KR60198059B0,KR60198019B4,2395607,[],
KR60198069B9,KR60198069B9,2395608,[],
KR60198079B8,KR60198069B9,2395608,[],
KR60198089B7,KR60198069B9,2395608,[],
KR60198099B6,KR60198069B9,2395608,[],
KR601980A9B0,KR60198069B9,2395608,[],
KR60198019C2,KR60198019C2,2395609,[],
KR60198029C1,KR60198019C2,2395609,[],
KR60198039C0,KR60198019C2,2395609,[],
KR60198049C9,KR60198019C2,2395609,[],
KR60198059C8,KR60198019C2,2395609,[],
KR60643119B3,KR60643119B3,2395610,[],
KR60643129B2,KR60643119B3,2395610,[],
KR60643119C1,KR60643119C1,2395611,[],
KR60643129C0,KR60643119C1,2395611,[],
KR60681719A5,KR60681719A5,2395612,[],
KR60681729A4,KR60681719A5,2395612,[],
KR60633219A5,KR60633219A5,2395613,[],
KR60633229A4,KR60633219A5,2395613,[],
KR60633239A3,KR60633219A5,2395613,[],
KR60633219B3,KR60633219B3,2395614,[],
KR60633229B2,KR60633219B3,2395614,[],
KR60633239B1,KR60633219B3,2395614,[],
KR60288219A3,KR60288219A3,2395615,[],
KR60288219B1,KR60288219B1,2395616,[],
KR60237619A6,KR60237619A6,2395617,[],
KR60237629A5,KR60237619A6,2395617,[],
KR60237639A4,KR60237619A6,2395617,[],
KR60237649A3,KR60237619A6,2395617,[],
KR60237659A2,KR60237659A2,2395618,[],
KR60237619B4,KR60237619B4,2395619,[],
KR60237629B3,KR60237619B4,2395619,[],
KR60237619C2,KR60237619C2,2395620,[],
KR60237629C1,KR60237629C1,2395621,[],
KR60710519A4,KR60710519A4,2395622,[],
KR60710529A3,KR60710519A4,2395622,[],
KR62143419A0,KR62143419A0,2395623,[],
KR62143429A9,KR62143429A9,2395624,[],
KR62143419B8,KR62143419B8,2395625,[],
KR62143429B7,KR62143419B8,2395625,[],
KR62143419C6,KR62143419C6,2395626,[],
KR62143429C5,KR62143419C6,2395626,[],
KR60098319A1,KR60098319A1,2395627,[],
KR60098329A0,KR60098319A1,2395627,[],
KR60098339A9,KR60098319A1,2395627,[],
KR60124519A4,KR60124519A4,2395628,[],
KR60124529A3,KR60124519A4,2395628,[],
KR60769519A4,KR60769519A4,2395629,[],
KR60769529A3,KR60769519A4,2395629,[],
KR60769539A2,KR60769519A4,2395629,[],
KR60035319A7,KR60035319A7,2395630,"['no original book runner info', 'no original book runner info']",
KR60035329A6,KR60035319A7,2395630,"['no original book runner info', 'no original book runner info']",
KR60766119B4,KR60766119B4,2395631,['no original book runner info'],
KR60178019A0,KR60178019A0,2395632,[],
KR60040519A5,KR60040519A5,2395633,[],
KR60040529A4,KR60040519A5,2395633,[],
KR60040539A3,KR60040519A5,2395633,[],
KR60117619B9,KR60117619B9,2395634,[],
KR6065908990,KR6065908990,2395635,[],
KR60659019A8,KR60659019A8,2395636,[],
KR60659029A7,KR60659019A8,2395636,[],
KR60659039A6,KR60659019A8,2395636,[],
KR60659049A5,KR60659019A8,2395636,[],
KR60659059A4,KR60659019A8,2395636,[],
KR60659069A3,KR60659069A3,2395637,[],
KR60659079A2,KR60659069A3,2395637,[],
KR60659089A1,KR60659069A3,2395637,[],
KR60659099A0,KR60659069A3,2395637,[],
KR606590A9A3,KR60659069A3,2395637,[],
KR606590B9A2,KR606590B9A2,2395638,[],
KR606590C9A1,KR606590C9A1,2395639,[],
KR606590D9A0,KR606590D9A0,2395640,[],
KR606590E9A9,KR606590E9A9,2395641,[],
KR606590F9A8,KR606590E9A9,2395641,[],
KR606590G9A7,KR606590G9A7,2395642,[],
KR60659019B6,KR60659019B6,2395643,[],
KR60659029B5,KR60659019B6,2395643,[],
KR60659039B4,KR60659019B6,2395643,[],
KR60659049B3,KR60659049B3,2395644,[],
KR60659059B2,KR60659059B2,2395645,[],
KR60659069B1,KR60659059B2,2395645,[],
KR60659019C4,KR60659019C4,2395646,[],
KR60659029C3,KR60659029C3,2395647,[],
KR60659039C2,KR60659029C3,2395647,[],
KR60659049C1,KR60659029C3,2395647,[],
KR60659059C0,KR60659059C0,2395648,[],
KR6029888999,KR6029888999,2395649,[],
KR6029889997,KR6029888999,2395649,[],
KR602988A990,KR6029888999,2395649,[],
KR602988B998,KR6029888999,2395649,[],
KR60298819A8,KR60298819A8,2395650,[],
KR60298829A7,KR60298819A8,2395650,[],
KR60298839A6,KR60298819A8,2395650,[],
KR60298849A5,KR60298819A8,2395650,[],
KR60298859A4,KR60298859A4,2395651,[],
KR60298869A3,KR60298859A4,2395651,[],
KR60298879A2,KR60298859A4,2395651,[],
KR60298889A1,KR60298889A1,2395652,[],
KR60298899A0,KR60298889A1,2395652,[],
KR602988A9A2,KR60298889A1,2395652,[],
KR602988B9A1,KR602988B9A1,2395653,[],
KR602988C9A0,KR602988B9A1,2395653,[],
KR602988D9A9,KR602988D9A9,2395654,[],
KR60298819B6,KR60298819B6,2395655,[],
KR60298829B5,KR60298819B6,2395655,[],
KR60298839B4,KR60298819B6,2395655,[],
KR60298849B3,KR60298849B3,2395656,[],
KR60298859B2,KR60298849B3,2395656,[],
KR60298869B1,KR60298869B1,2395657,[],
KR60298879B0,KR60298869B1,2395657,[],
KR60298819C4,KR60298819C4,2395658,[],
KR60298829C3,KR60298819C4,2395658,[],
KR60298839C2,KR60298819C4,2395658,[],
KR60959219A1,KR60959219A1,2395659,[],
KR60959219B9,KR60959219B9,0,[],"<Response [400]> b'{""Message"":""The request is invalid."",""ModelState"":{""deal"":[""Tranches[0]: MaturityDate must be after FirstCouponDate.""]}}'"
KR60959219C7,KR60959219C7,2395660,[],
KR60959229C6,KR60959219C7,2395660,[],
KR60462919A6,KR60462919A6,2395661,[],
KR60462929A5,KR60462929A5,2395662,[],
KR60462919B4,KR60462919B4,2395663,[],
KR60462929B3,KR60462919B4,2395663,[],
KR60462939B2,KR60462939B2,2395664,[],
KR60462949B1,KR60462949B1,2395665,[],
KR60462959B0,KR60462949B1,2395665,[],
KR60462919C2,KR60462919C2,2395666,[],
KR60462929C1,KR60462919C2,2395666,[],
KR60462939C0,KR60462919C2,2395666,[],
KR62980019C0,KR62980019C0,2395667,[],
KR62980029C9,KR62980019C0,2395667,[],